ssn,name,birthDate,address,sex,contacInformation, insuranceProviders,emergencyContactDetails
31802034695016,Osman Yehia Aser,2018-02-03,78 El Galaa Street,M,01346106063,Arab Misr Insurance Group (AMIG)
2196504113591313,HossnahMae Mohamed Yehia,1965-04-11,75 El Labban Road,F,01316022894,Delta Insurance Company
31407307771302,Mona Usama Farouk,2014-07-30,14 El Nabi Daniel Square,F,01334094106,Egyptian Saudi Insurance House (ESIH)
2199203166476105,Fatma Nabil Lofty,1992-03-16,36 El Mansheya Street,F,01364692789,Misr Insurance Company (MIC)
31303131330761,Mariem Beshoy Abdulmoniem,2013-03-13,84 El Taawun Street,F,01330755035,Misr Insurance Company (MIC)
2198603233622730,Hafsa Hashem Khalid,1986-03-23,117 Zaki Street,F,01385163728,AXA Egypt
30103298619158,Fares Omar Ramadan,2001-03-29,76 Sakara Road,M,01364246581,MetLife Egypt
31502088428748,Menna Fares Hisham,2015-02-08,73 El Sayed El Bakry Road,F,01376772680,Allianz Egypt
2195510075265196,Mona Abudulhady Hany,1955-10-07,103 El Kornish Road,F,01347673409,Delta Insurance Company
2197702095912768,Loai Emad Ramy,1977-02-09,19 El Mandara Gardens Street,M,01358107987,Wethaq Takaful Insurance
32002109833498,Mariem Sobhy Nabil,2020-02-10,107 El Remaya Square,F,01358573522,Delta Insurance Company
31006289324849,Usama Ramadan Omar,2010-06-28,73 El Giza Street,M,01323975149,MetLife Egypt
2197909163373664,Emad Beshoy Salem,1979-09-16,35 El Mansheya Square,M,01335297736,AXA Egypt
2193009177072197,Mona Farouk Khedr,1930-09-17,5 El Mawarid Street,F,01338891968,Wethaq Takaful Insurance
2199109118369655,Zakaria Hashem Mohamed,1991-09-11,11 El Shuhadaa Street,M,01360763382,Egyptian Saudi Insurance House (ESIH)
2198101166412360,Eyad Beshoy Haitham,1981-01-16,40 Sudan Street,M,01348406337,Delta Insurance Company
30008243705932,Yasser Mohamed Ammar,2000-08-24,115 El Obour City Street,M,01362200809,Allianz Egypt
2194702159623435,Atyah Lofty Haitham,1947-02-15,78 Galaa Street,M,01310380184,MetLife Egypt
2195711139136922,Youssef Yasser Kamel,1957-11-13,42 El Wahat Road,M,01374885529,Wethaq Takaful Insurance
31507112498571,Rawia Ismael Ashraf,2015-07-11,65 Naguib Mahfouz Street,F,01381466176,Arab Misr Insurance Group (AMIG)
2194604098740153,Motaz Ramez Usama,1946-04-09,118 El Gamaa Street,M,01388530336,MetLife Egypt
30705263382877,Heba Ahmed Ashraf,2007-05-26,24 El Labban Street,F,01362267997,Wethaq Takaful Insurance
31206191354924,Menna Nabil Omar,2012-06-19,56 El Mesaha Square,F,01341982050,AXA Egypt
31211101252196,Aser Khalid Yonis,2012-11-10,43 El Gish Road,M,01386969829,MetLife Egypt
30906094856563,Hafsa Rafat Abdulaziz,2009-06-09,23 Faisal Street,F,01377539753,Allianz Egypt
2199401108008579,Esraa Kariem Zakaria,1994-01-10,77 Giza Street,F,01394183763,Suez Canal Insurance Company (SCIC)
2195510022583587,Ashraf Atyah Ramy,1955-10-02,9 El Agouza Street,M,01394426643,Arope Insurance Egypt
31807194599487,Ammar Seif Abdulrahman,2018-07-19,2 Qasr El Aini Street,M,01361729052,AXA Egypt
2198204231352335,Yonis Fares Mohamed,1982-04-23,36 Palestine Street,M,01312407865,AXA Egypt
30406137293251,iNour Hashem Boles,2004-06-13,87 Masr Helwan Agriculture Road,F,01336652209,Misr Insurance Company (MIC)
30410273037383,Usama Nabil Sherif,2004-10-27,21 El Khalifa Street,M,01399442018,Suez Canal Insurance Company (SCIC)
2194003164684318,Loai Boles Yassin,1940-03-16,3 El Malek El Saleh Street,M,01391421398,Arope Insurance Egypt
2193006211118956,Salma Khedr Ahmed,1930-06-21,35 El Labban Gardens Road,F,01390734678,Arab Misr Insurance Group (AMIG)
31003218255312,Noureen Yasser Ramy,2010-03-21,63 El Raml Station Gardens Avenue,F,01386669205,Delta Insurance Company
2195808077624264,Boles Taha Sobhy,1958-08-07,72 El Orouba Street,M,01390849400,Allianz Egypt
2196703292322817,Yassin Eyad Eyad,1967-03-29,71 El Maamora Square,M,01355344054,Misr Insurance Company (MIC)
2193204029590946,Hashem Boles Ramy,1932-04-02,79 El Amir Kamal Street,M,01387761538,Egyptian Saudi Insurance House (ESIH)
2199704263764851,Yehia Fathy Awad,1997-04-26,75 El Gamaa Street,M,01356922490,Delta Insurance Company
30902013435491,Zakaria Fathy Lofty,2009-02-01,80 El Khatib Street,M,01358607304,Allianz Egypt
2198811257951552,Ezzat Abudulhady Fathy,1988-11-25,19 El Orman Road,M,01362964799,Egyptian Saudi Insurance House (ESIH)
31406224332668,Youssef Motaz Hisham,2014-06-22,36 El Ibrahimeya Gardens Avenue,M,01391550417,Wethaq Takaful Insurance
32005097708583,Abdulmoniem Tamer Ahmed,2020-05-09,109 El Mansheya Road,M,01313808452,Allianz Egypt
31806012309712,Farouk Yassin Moamen,2018-06-01,83 El Mandara Street,M,01374849457,Arab Misr Insurance Group (AMIG)
2194905132135158,Eman Abdulaziz Salem,1949-05-13,89 El Nabi Daniel Avenue,F,01369915792,AXA Egypt
2197805193966717,Usama Kariem Khalid,1978-05-19,6 El Bahr El Aazam Street,M,01387592704,AXA Egypt
2198205236405708,Osman Usama Zakaria,1982-05-23,27 El Gish Road,M,01321219443,AXA Egypt
2193511114268897,Yassin Yonis Abdulaziz,1935-11-11,103 El Giza Street,M,01325852020,Wethaq Takaful Insurance
31402258300380,Zeyad Abdulrahman Hany,2014-02-25,5 El Horreya Gardens Street,M,01316122985,Allianz Egypt
31907214628282,Haitham Atyah Rafat,2019-07-21,70 Zaki Street,M,01361977228,Arab Misr Insurance Group (AMIG)
2193404066347679,Shereen Zeyad Mamdouh,1934-04-06,20 Al Orouba Street,F,01316051458,Allianz Egypt
2197503241690408,Khalid Abudulhady Awad,1975-03-24,23 Abd El Khalek Tharwat Street,M,01349158303,Arab Misr Insurance Group (AMIG)
2197602069022337,Ismael Ramadan Hany,1976-02-06,78 El Nabi Daniel Road,M,01329611052,Arope Insurance Egypt
2199405072674630,Hanaa Khalid Abdulmoniem,1994-05-07,51 El Wahat Road,F,01358380384,AXA Egypt
31908191562882,Ghadeer Zakaria Beshoy,2019-08-19,70 El Ibrahimeya Gardens Street,F,01373711548,Wethaq Takaful Insurance
2197308234888405,Moreen Ramadan Awad,1973-08-23,108 El Ibrahimeya Street,F,01349398683,Arab Misr Insurance Group (AMIG)
30001112138116,Khalid Sobhy Abudulhady,2000-01-11,47 El Wahat Road,M,01365941504,Allianz Egypt
2199009148616166,Aser Ezzat Atyah,1990-09-14,86 El Raml Station Square,M,01399950404,Allianz Egypt
30702242627992,Ramadan Hashem Salem,2007-02-24,48 El Mawarid Street,M,01323518912,Misr Insurance Company (MIC)
30707126213293,Moreen Seif Kamel,2007-07-12,33 El Horreya Gardens Road,F,01375021706,MetLife Egypt
2196302209491818,Youssef Youssef Ahmed,1963-02-20,11 Helwan Street,M,01349876636,MetLife Egypt
2194907133284804,Salma Taha Haitham,1949-07-13,15 El Khalifa Street,F,01349190960,Misr Insurance Company (MIC)
31609169923301,Mariem Emad Ali,2016-09-16,112 El Nabi Daniel Avenue,F,01319044627,Arope Insurance Egypt
30911242010644,Mona Sameh Beshoy,2009-11-24,9 El Gomrok Road,F,01382703641,Arab Misr Insurance Group (AMIG)
30906019492443,Reem Ali Salem,2009-06-01,62 Naguib El Rihani Street,F,01344681042,Allianz Egypt
31001248741382,Amir Youssef Abdulrahman,2010-01-24,92 El Haram Street,M,01333351256,Misr Insurance Company (MIC)
2199602183990521,Mariem Emad Ramez,1996-02-18,72 El Mandara Gardens Avenue,F,01393748369,MetLife Egypt
2195211253613161,Soliman Fathy Ibrahim,1952-11-25,34 Sphinx Street,M,01355273619,Egyptian Saudi Insurance House (ESIH)
30406254788201,Mariem Motaz Boles,2004-06-25,66 El Raml Station Gardens Road,F,01329773850,Arab Misr Insurance Group (AMIG)
2199610257462139,Omar Abdulrahman Lofty,1996-10-25,55 Zeraai Street,M,01334726958,Egyptian Saudi Insurance House (ESIH)
2198111133877913,Aser Sameh Ashraf,1981-11-13,54 El Tonsi Street,M,01386919594,Misr Insurance Company (MIC)
31604184824966,Ghadeer Ramadan Farouk,2016-04-18,115 Mansheyet El Bakry Street,F,01348551468,Misr Insurance Company (MIC)
2197908097155835,Atyah Ezzat Omar,1979-08-09,96 El Khaleeg Road,M,01358975113,AXA Egypt
30403069038089,Salma Yassin Atyah,2004-03-06,11 El Amir Kamal Street,F,01376724834,Egyptian Saudi Insurance House (ESIH)
32201106468160,Rawia Aser Rafat,2022-01-10,67 El Mansheya Avenue,F,01341778346,Misr Insurance Company (MIC)
2194108202178619,Noureen Omar Nabil,1941-08-20,50 Qasr El Aini Street,F,01392245899,MetLife Egypt
2195309149983447,Mariem Kamel Moamen,1953-09-14,69 El Labban Avenue,F,01336618180,Egyptian Saudi Insurance House (ESIH)
2195609041623509,Heba Zeyad Ismael,1956-09-04,16 Ahmed Zaki Street,F,01363843662,Arope Insurance Egypt
30201309750079,Ramez Hany Mahmoud,2002-01-30,9 El Ibrahimeya Gardens Avenue,M,01381260789,Suez Canal Insurance Company (SCIC)
2194411293763160,Ashraf Aser Emad,1944-11-29,113 El Bahr El Aazam Street,M,01397787279,Suez Canal Insurance Company (SCIC)
2194208251238135,Sherif Boles Fares,1942-08-25,9 El Shatby Street,M,01347067650,MetLife Egypt
2193105258425857,Jomana Walid Eyad,1931-05-25,90 El Mawarid Street,F,01394122583,Arab Misr Insurance Group (AMIG)
2198602242863600,Farouk Eyad Abdulmoniem,1986-02-24,116 El Sudan Square,M,01351889601,Misr Insurance Company (MIC)
32001141404718,Zakaria Osman Sherif,2020-01-14,113 El Mesaha Square,M,01345565515,Wethaq Takaful Insurance
2199809259262886,Shereen Walid Youssef,1998-09-25,38 El Mohandesin Street,F,01386522071,Suez Canal Insurance Company (SCIC)
31905237874924,Hanaa Mamdouh Mahmoud,2019-05-23,64 Mohammed Metwally El Shaarawy Street,F,01393920457,Suez Canal Insurance Company (SCIC)
2193309056839823,Jomana Lofty Usama,1933-09-05,95 El Shalalat Gardens Road,F,01318547335,Allianz Egypt
2198204051398848,Haitham Ezzat Beshoy,1982-04-05,39 Abou Kir Street,M,01386938107,AXA Egypt
2194705093286864,Rawia Tamer Kamel,1947-05-09,11 Ziad Street,F,01346006084,Delta Insurance Company
30707121408714,Ramadan Hashem Amir,2007-07-12,31 El Shalalat Gardens Street,M,01321172858,Wethaq Takaful Insurance
2195802226484615,Malak Fathy Haitham,1958-02-22,92 El Rehab City Street,F,01354751615,Wethaq Takaful Insurance
2195203287365655,Sameh Rafat Abdulmoniem,1952-03-28,79 Nahda Street,M,01326480118,MetLife Egypt
31804106255644,Reem Abdulmoniem Seif,2018-04-10,29 Abbas El Akkad Street,F,01323187563,Delta Insurance Company
2194903058655413,Ramez Loai Kamel,1949-03-05,43 El Labban Street,M,01339559777,MetLife Egypt
31704069663939,Menna Kariem Sherif,2017-04-06,89 El Gueish Square,F,01377228608,Allianz Egypt
2197301289366699,Esraa Abdulmoniem Kariem,1973-01-28,88 Abdel Khalek Sarwat Street,F,01384800297,AXA Egypt
2197503046338940,Mona Haitham Ali,1975-03-04,93 El Nasr Street,F,01399581890,Misr Insurance Company (MIC)
2199811204839120,Sobhy Ramy Yassin,1998-11-20,54 Al Ahram Street,M,01359680652,Suez Canal Insurance Company (SCIC)
2197208119518682,Zakaria Yasser Sameh,1972-08-11,4 El Horreya Avenue,M,01324109574,Misr Insurance Company (MIC)
2193008212195721,Tamer Salem Sherif,1930-08-21,80 Abd El Khalek Tharwat Street,M,01384464276,Delta Insurance Company
2198803012266351,Boles Omar Ibrahim,1988-03-01,41 El Gish Road,M,01356568669,Allianz Egypt
2199011161192524,Mamdouh Kariem Ramez,1990-11-16,104 El Nasr Road,M,01321613565,Suez Canal Insurance Company (SCIC)
31310091745386,Mariem Loai Emad,2013-10-09,73 El Wafaa Wal Amal Street,F,01372032484,Egyptian Saudi Insurance House (ESIH)
2196201158877112,Awad Ramez Yonis,1962-01-15,118 El Kolya Street,M,01381311260,Misr Insurance Company (MIC)
2194503258353044,Aya Tamer Emad,1945-03-25,52 Kasr El Nile Street,F,01351613483,Egyptian Saudi Insurance House (ESIH)
2193605219604681,HossnahMae Hany Ezzat,1936-05-21,16 Abd El Hamid Said Street,F,01356301237,AXA Egypt
2194908087261147,Sobhy Walid Emad,1949-08-08,82 El Haram Street,M,01344519934,Wethaq Takaful Insurance
2199105017051506,iNour Ahmed Salem,1991-05-01,62 Giza Street,F,01355501123,Allianz Egypt
30308289740564,Heba Hashem Farouk,2003-08-28,87 El Sudan Square,F,01315378257,Allianz Egypt
2196507245941454,Amir Salem Zakaria,1965-07-24,85 El Alamein Gardens Road,M,01325919504,MetLife Egypt
2194208194611757,Menna Omar Zakaria,1942-08-19,87 El Tayaran Street,F,01357097737,MetLife Egypt
31811128650181,Kariem Hisham Mohamed,2018-11-12,110 Nasr City Street,M,01347000437,Delta Insurance Company
31103103375081,Abdulrahman Usama Omar,2011-03-10,19 El Fayoum Road,M,01390711047,Arope Insurance Egypt
30005077669904,Sara Farouk Awad,2000-05-07,88 El Remaya Square,F,01377710642,AXA Egypt
31802162437399,Nada Yasser Amir,2018-02-16,105 El Tahrir Street,F,01355819672,Suez Canal Insurance Company (SCIC)
31304121047529,Boles Soliman Abdulmoniem,2013-04-12,27 El Mokattam Street,M,01336754795,Delta Insurance Company
30406159702600,Somaya Taha Nabil,2004-06-15,104 El Horreya Gardens Road,F,01355425122,Delta Insurance Company
2196504011359316,Noureen Nabil Yasser,1965-04-01,112 El Adel Street,F,01367256259,Arope Insurance Egypt
31903242867664,Ibrahim Hany Seif,2019-03-24,11 El Wafaa Wal Amal Street,M,01379187265,Allianz Egypt
2194010143923116,Hend Ibrahim Ramadan,1940-10-14,51 Abou El Feda Street,F,01337577212,Suez Canal Insurance Company (SCIC)
30003093141802,Hana Ramy Ammar,2000-03-09,28 Pyramids Road,F,01341964881,Suez Canal Insurance Company (SCIC)
2195010053862977,Osman Atyah Soliman,1950-10-05,5 Zeraai Street,M,01334589603,Arope Insurance Egypt
31909123131435,Nabil Abudulhady Haitham,2019-09-12,23 El Shalalat Gardens Street,M,01355381535,AXA Egypt
31004298596994,Ali Soliman Salem,2010-04-29,26 El Maamora Gardens Street,M,01399162721,Egyptian Saudi Insurance House (ESIH)
30410255135297,Sara Mamdouh Abdulaziz,2004-10-25,2 El Nahda Street,F,01316458272,Misr Insurance Company (MIC)
2198801248758337,Ezzat Omar Rafat,1988-01-24,11 El Nasr Road,M,01327073694,Arope Insurance Egypt
2195104193006525,Jomana Zakaria Osman,1951-04-19,41 El Zamalek Street,F,01313782654,MetLife Egypt
2195204215426567,Mamdouh Ibrahim Zakaria,1952-04-21,106 El Ibrahimeya Gardens Avenue,M,01369463289,MetLife Egypt
30005191763970,Khalid Sameh Mahmoud,2000-05-19,77 El Labban Square,M,01380437122,Suez Canal Insurance Company (SCIC)
2199404146500395,Fathy Eyad Mamdouh,1994-04-14,103 Mohamed Ibrahim Street,M,01399067252,Arope Insurance Egypt
2198904022302291,Aya Yehia Haitham,1989-04-02,48 El Fawatem Street,F,01345497988,Egyptian Saudi Insurance House (ESIH)
31606115506536,Reem Taha Omar,2016-06-11,57 Port Said Street,F,01352957431,Arab Misr Insurance Group (AMIG)
2198302116336477,Sameh Zakaria Boles,1983-02-11,82 El Wahat Road,M,01313654681,Allianz Egypt
2195406149610908,Ismael Fathy Ali,1954-06-14,101 El Maamora Road,M,01366075413,Suez Canal Insurance Company (SCIC)
2196204259970937,Rawia Ismael Ibrahim,1962-04-25,36 El Alamein Street,F,01359834486,Wethaq Takaful Insurance
30606263795331,iNour Yassin Ammar,2006-06-26,72 El Gomhoreya Street,F,01395013091,Delta Insurance Company
2195001142741206,Moamen Moamen Ramadan,1950-01-14,51 El Adel Street,M,01341798994,Arope Insurance Egypt
30503089796313,iNour Zeyad Abdulrahman,2005-03-08,77 Sakara Road,F,01384667431,Egyptian Saudi Insurance House (ESIH)
31608037445111,Ashraf Rafat Awad,2016-08-03,87 Naguib Mahfouz Street,M,01326910856,AXA Egypt
2196411245386042,Yonis Farouk Salem,1964-11-24,3 El Sultan Hussein Street,M,01368832968,Misr Insurance Company (MIC)
32210012490898,Mahmoud Ramez Usama,2022-10-01,65 El Alamein Street,M,01388944444,Wethaq Takaful Insurance
30811173467514,Verina Yonis Sobhy,2008-11-17,96 El Maamora Square,F,01390353513,Delta Insurance Company
2198605286164022,Nada Zeyad Tamer,1986-05-28,49 El Thawra Street,F,01385346517,Wethaq Takaful Insurance
31903089042971,Hala Ismael Emad,2019-03-08,118 El Raml Station Gardens Avenue,F,01326639467,Delta Insurance Company
2198703062582845,Esraa Taha Yonis,1987-03-06,80 Faisal Street,F,01356255901,Arope Insurance Egypt
2199611222678128,Zakaria Amir Ahmed,1996-11-22,79 Tahrir Square,M,01372244847,Delta Insurance Company
2196905048773308,Shereen Motaz Zeyad,1969-05-04,109 El Remaya Square,F,01392710377,Wethaq Takaful Insurance
31107072762146,Sherif Mahmoud Kariem,2011-07-07,11 El Gomrok Street,M,01350446803,Arope Insurance Egypt
30707236621570,Omar Eyad Soliman,2007-07-23,39 Faisal Street,M,01327994498,Wethaq Takaful Insurance
32210106130003,Moamen Seif Yehia,2022-10-10,101 El Amir Kamal Street,M,01359950089,MetLife Egypt
30210219434221,Shereen Fathy Haitham,2002-10-21,9 El Raml Station Square,F,01341603403,Allianz Egypt
2199703031166799,Beshoy Ammar Abdulmoniem,1997-03-03,110 El Raml Station Avenue,M,01361355923,Arab Misr Insurance Group (AMIG)
2198801035103693,Hanaa Fathy Kariem,1988-01-03,107 El Shalalat Gardens Road,F,01320561366,Arope Insurance Egypt
2196906132960430,Malak Zakaria Rafat,1969-06-13,39 Sphinx Street,F,01364443964,Suez Canal Insurance Company (SCIC)
2197405203406871,Jana Hisham Abdulaziz,1974-05-20,89 El Othman Street,F,01334940756,Delta Insurance Company
32201061755833,Heba Awad Abdulaziz,2022-01-06,55 El Chalalat Road,F,01342173041,Egyptian Saudi Insurance House (ESIH)
31008057151165,Lofty Tamer Lofty,2010-08-05,98 El Horreya Street,M,01326930609,Allianz Egypt
2197007241594879,Abdulmoniem Tamer Ramez,1970-07-24,103 El Sayed El Bakry Road,M,01323759825,Misr Insurance Company (MIC)
31110032155645,Mariem Kamel Ibrahim,2011-10-03,81 El Nahda Street,F,01323810529,Misr Insurance Company (MIC)
30903179996971,Hana Farouk Ali,2009-03-17,57 El Maamora Square,F,01362548439,Wethaq Takaful Insurance
30009104612671,Ezzat Zakaria Salem,2000-09-10,118 El Labban Gardens Road,M,01321148080,MetLife Egypt
31410125394625,Mahmoud Khalid Beshoy,2014-10-12,54 El Galaa Street,M,01313041909,Suez Canal Insurance Company (SCIC)
31710264150258,Yehia Beshoy Moamen,2017-10-26,54 El Orman Road,M,01331529837,MetLife Egypt
2198503204541895,Abdulrahman Ramy Ramez,1985-03-20,113 Saad Zaghloul Street,M,01330292492,AXA Egypt
2198011246117073,Fatma Ramadan Loai,1980-11-24,28 El Sultan Hussein Road,F,01364921925,MetLife Egypt
30106086238013,Malak Hashem Yonis,2001-06-08,42 Zaki Ragab Street,F,01348354802,AXA Egypt
31304203279579,Lofty Awad Zakaria,2013-04-20,13 Ramses Street,M,01368531547,Misr Insurance Company (MIC)
31402057709515,iNour Abdulmoniem Hisham,2014-02-05,38 El Khayal Street,F,01384977823,Allianz Egypt
2197906283740393,Abdulmoniem Osman Seif,1979-06-28,43 Zeraai Street,M,01379606808,Suez Canal Insurance Company (SCIC)
2194105253979377,Salem Farouk Taha,1941-05-25,26 El Nahda Street,M,01393545487,MetLife Egypt
31602255258714,Mariem Yonis Yasser,2016-02-25,58 El Remaya Square,F,01355704400,Egyptian Saudi Insurance House (ESIH)
30207219577319,Ramy Abdulmoniem Sobhy,2002-07-21,23 Ahmed Zaki Street,M,01385318232,Allianz Egypt
2194905179775159,Hany Nabil Eyad,1949-05-17,46 El Raml Station Gardens Avenue,M,01316189281,AXA Egypt
30502142815264,Yonis Sobhy Khalid,2005-02-14,68 El Remaya Square,M,01378944307,Suez Canal Insurance Company (SCIC)
2199001061675652,Shereen Sherif Taha,1990-01-06,94 El Amir Kamal Street,F,01368565010,Delta Insurance Company
30009171482597,Mona Hany Yonis,2000-09-17,37 Shehab Street,F,01312739353,Misr Insurance Company (MIC)
30404087815398,Mamdouh Atyah Haitham,2004-04-08,43 Corniche El Nil Street,M,01391312846,Misr Insurance Company (MIC)
2198305161026275,Fathy Taha Yehia,1983-05-16,49 Naguib Mahfouz Street,M,01316759522,Suez Canal Insurance Company (SCIC)
31406133393778,Hanaa Motaz Yehia,2014-06-13,90 El Mawarid Road,F,01328164160,MetLife Egypt
2196305131317055,Hafsa Rafat Abudulhady,1963-05-13,72 El Horreya Gardens Street,F,01345440046,Arab Misr Insurance Group (AMIG)
2198810075803893,Eman Osman Moamen,1988-10-07,101 El Adel Street,F,01335203512,MetLife Egypt
2199309084127753,Soliman Yonis Rafat,1993-09-08,2 El Shalalat Gardens Street,M,01356123516,Wethaq Takaful Insurance
30601103691850,Aya Usama Fares,2006-01-10,40 Masr Helwan Agriculture Road,F,01362959768,Egyptian Saudi Insurance House (ESIH)
31110134278425,Boles Farouk Osman,2011-10-13,23 El Guish Street,M,01392297269,Arab Misr Insurance Group (AMIG)
2196003165076716,Ghadeer Motaz Moamen,1960-03-16,64 Abbas El Akkad Street,F,01355928847,Egyptian Saudi Insurance House (ESIH)
31703199719172,Malak Abdulrahman Ammar,2017-03-19,9 El Kolya Street,F,01341927250,Delta Insurance Company
30905071018987,Farouk Ramadan Fares,2009-05-07,103 El Muezz Street,M,01358972254,Arope Insurance Egypt
2194902222060951,Fatma Ammar Yonis,1949-02-22,117 El Nahda Street,F,01399738507,Allianz Egypt
31508179474135,Hisham Aser Sobhy,2015-08-17,5 El Marwa Street,M,01335134667,AXA Egypt
30811082795877,Reem Ashraf Hany,2008-11-08,5 Sudan Street,F,01373306751,Delta Insurance Company
31004222042494,Hanaa Moamen Rafat,2010-04-22,91 El Nahda Street,F,01311028273,MetLife Egypt
2199108261529427,Tamer Abdulrahman Hashem,1991-08-26,42 El Orouba Street,M,01359655778,Arab Misr Insurance Group (AMIG)
31904239711664,Ashraf Omar Tamer,2019-04-23,64 El Raml Station Avenue,M,01355839287,Arab Misr Insurance Group (AMIG)
2196311076126506,Malak Ramadan Ali,1963-11-07,37 El Ahram Street,F,01348156539,Delta Insurance Company
30206258665201,Lofty Abdulaziz Ashraf,2002-06-25,107 Zaki Street,M,01357195663,Misr Insurance Company (MIC)
30904234962339,Jana Moamen Seif,2009-04-23,117 El Nabi Daniel Road,F,01313922243,Allianz Egypt
31810295628363,Nabil Hisham Haitham,2018-10-29,92 Gameat El Dewal El Arabia Street,M,01312583454,Egyptian Saudi Insurance House (ESIH)
31008292042113,Ammar Hany Hany,2010-08-29,74 El Labban Road,M,01370538783,Misr Insurance Company (MIC)
2199102065876709,Moreen Ramy Atyah,1991-02-06,70 Zakaria El Ansari Street,F,01344274382,Arope Insurance Egypt
30203257530073,Atyah Hany Mahmoud,2002-03-25,21 El Nahda Street,M,01391630558,Wethaq Takaful Insurance
31404156961672,Hala Ahmed Ramadan,2014-04-15,91 El Fawatem Street,F,01389375659,Egyptian Saudi Insurance House (ESIH)
32203081283345,Jana Beshoy Mamdouh,2022-03-08,115 El Suez Canal Street,F,01327645107,Delta Insurance Company
30302139828249,Mohamed Motaz Fathy,2003-02-13,26 El Dokki Street,M,01360792614,Arope Insurance Egypt
2196305138058019,Rawia Zakaria Moamen,1963-05-13,104 El Nabi Daniel Avenue,F,01378569464,Suez Canal Insurance Company (SCIC)
2195602171202436,Eyad Sobhy Boles,1956-02-17,53 El Rasheed Street,M,01366277485,AXA Egypt
31603249265322,Menna Eyad Ammar,2016-03-24,105 Port Said Street,F,01342137456,Allianz Egypt
30908021909787,Yonis Nabil Awad,2009-08-02,88 Sakara Road,M,01335993715,Arab Misr Insurance Group (AMIG)
2198404184568951,Seif Ramy Haitham,1984-04-18,16 El Horreya Gardens Street,M,01338987251,Delta Insurance Company
2198711094820997,Mohamed Ramadan Abdulrahman,1987-11-09,6 Sphinx Street,M,01319206973,Misr Insurance Company (MIC)
2193111107596694,Ibrahim Ramez Fares,1931-11-10,19 El Mokattam Street,M,01398082741,AXA Egypt
2196604113265647,Moamen Abdulrahman Khedr,1966-04-11,82 El Ibrahimia Road,M,01317787057,AXA Egypt
30805294720603,Perry Amir Walid,2008-05-29,77 El Adel Street,F,01361143760,Misr Insurance Company (MIC)
30608106556832,Awad Fares Sameh,2006-08-10,82 El Gueish Square,M,01310837602,Arope Insurance Egypt
31510233203963,Hanaa Farouk Ramy,2015-10-23,91 El Batal Ahmed Abdel Aziz Street,F,01351031347,Arope Insurance Egypt
2195405075214107,Reem Ali Farouk,1954-05-07,50 El Orouba Street,F,01332495714,Egyptian Saudi Insurance House (ESIH)
30606248266611,Noureen Osman Aser,2006-06-24,28 El Ibrahimeya Gardens Street,F,01326867718,Delta Insurance Company
31709163435657,Yonis Sameh Ahmed,2017-09-16,21 Saad Zaghloul Street,M,01323347502,Delta Insurance Company
30909011956468,Khedr Abudulhady Awad,2009-09-01,94 El Nasr Road,M,01361571598,Delta Insurance Company
2195405191870899,Jana Taha Hashem,1954-05-19,43 El Batal Ahmed Abdel Aziz Street,F,01338987153,Misr Insurance Company (MIC)
2197909129010212,Nada Ramadan Taha,1979-09-12,48 El Zamalek Street,F,01395347486,Wethaq Takaful Insurance
2193606027157816,Khedr Omar Ezzat,1936-06-02,93 El Ibrahimeya Square,M,01366111175,Wethaq Takaful Insurance
2198704163316435,Mariem Yasser Khedr,1987-04-16,65 El Shuhadaa Street,F,01370532749,Delta Insurance Company
31611047385999,Verina Salem Seif,2016-11-04,32 El Hegaz Street,F,01322379080,MetLife Egypt
30801112026003,Haitham Ismael Zeyad,2008-01-11,4 Makram Ebeid Street,M,01320667873,Allianz Egypt
2193008267023780,Awad Soliman Sameh,1930-08-26,107 Ismael Serry Street,M,01320312387,Allianz Egypt
2193104206714171,Abudulhady Abudulhady Yonis,1931-04-20,67 El Wafaa Wal Amal Street,M,01334233959,Delta Insurance Company
31402216176646,Noureen Abdulmoniem Ibrahim,2014-02-21,111 El Sayed El Bakry Road,F,01355864791,MetLife Egypt
2195110247674429,Mariem Khalid Moamen,1951-10-24,55 El Nahda Street,F,01329111995,Delta Insurance Company
2194005062259416,Rawia Ibrahim Zakaria,1940-05-06,52 Nasr City Street,F,01351865498,Egyptian Saudi Insurance House (ESIH)
30109086072238,Osman Yonis Fares,2001-09-08,109 El Sayed El Bakry Street,M,01345152486,Allianz Egypt
31406296851271,Fares Sherif Boles,2014-06-29,72 Ahmed Kamel Street,M,01355388857,AXA Egypt
2196302212450292,Verina Farouk Seif,1963-02-21,74 El Mandara Gardens Avenue,F,01314451004,MetLife Egypt
2193008097191427,Ramy Hashem Ramadan,1930-08-09,61 El Giza Street,M,01377912786,Delta Insurance Company
31004241181310,Fathy Abdulaziz Rafat,2010-04-24,113 El Hegaz Street,M,01392852449,Arab Misr Insurance Group (AMIG)
2199003253079200,Beshoy Sobhy Youssef,1990-03-25,25 El Labban Avenue,M,01321740558,Suez Canal Insurance Company (SCIC)
2197704283037535,Zeyad Loai Awad,1977-04-28,100 Corniche Road,M,01355431464,Egyptian Saudi Insurance House (ESIH)
31301266368686,Shahd Rafat Salem,2013-01-26,5 Sphinx Street,F,01350643938,Wethaq Takaful Insurance
31304223156840,Moreen Awad Ismael,2013-04-22,12 Galaa Street,F,01378775421,Egyptian Saudi Insurance House (ESIH)
2199110094614494,Ramy Mahmoud Ammar,1991-10-09,30 El Obour City Street,M,01328462672,Wethaq Takaful Insurance
30605213769662,Hanaa Emad Hisham,2006-05-21,59 El Gish Square,F,01364722370,Egyptian Saudi Insurance House (ESIH)
2199207037515188,Ramadan Mahmoud Walid,1992-07-03,107 Abou Bakr El Seddik Street,M,01384232994,Delta Insurance Company
30810168689748,Heba Yehia Omar,2008-10-16,84 Naguib El Rihani Street,F,01377745822,Wethaq Takaful Insurance
2199201098497693,Somaya Beshoy Tamer,1992-01-09,53 Galaa Street,F,01334838604,Arab Misr Insurance Group (AMIG)
30807227997958,Ghadeer Emad Tamer,2008-07-22,107 El Hegaz Street,F,01332173000,Arab Misr Insurance Group (AMIG)
2197102193482177,Yehia Farouk Loai,1971-02-19,108 El Haram Street,M,01354539078,Misr Insurance Company (MIC)
30209115698693,Aser Ramy Emad,2002-09-11,70 Safar Al Hawali Street,M,01347527010,Delta Insurance Company
30009297384075,Eman Abdulaziz Abdulaziz,2000-09-29,8 Nabi Daniel Street,F,01339680477,Arab Misr Insurance Group (AMIG)
31504122966499,Salem Amir Loai,2015-04-12,89 Qena Street,M,01381867837,Allianz Egypt
31205063459693,Nada Sameh Ezzat,2012-05-06,57 El Sudan Street,F,01398270660,Allianz Egypt
2195209161175857,Taha Usama Rafat,1952-09-16,5 El Agouza Street,M,01383044204,Egyptian Saudi Insurance House (ESIH)
30703308288312,Rawia Hany Kariem,2007-03-30,81 El Malek El Saleh Street,F,01391192766,Delta Insurance Company
31510169004762,Farouk Beshoy Seif,2015-10-16,103 Ahmed Zaki Street,M,01328531670,Suez Canal Insurance Company (SCIC)
2196209076244737,Mona Soliman Sherif,1962-09-07,71 Corniche Road,F,01356068244,Arab Misr Insurance Group (AMIG)
2195409017329925,Somaya Ramy Mahmoud,1954-09-01,71 Abou El Feda Street,F,01382462833,MetLife Egypt
30110073195328,Nabil Taha Ramy,2001-10-07,76 El Zamalek Street,M,01370152250,Misr Insurance Company (MIC)
2199311247081898,Lofty Kariem Haitham,1993-11-24,70 El Batrawy Street,M,01374682223,Misr Insurance Company (MIC)
30405068703992,Taha Beshoy Sherif,2004-05-06,116 El Gomrok Street,M,01384442083,Arab Misr Insurance Group (AMIG)
30111071310232,Farouk Awad Hisham,2001-11-07,69 El Gomrok Road,M,01393878013,Arab Misr Insurance Group (AMIG)
30708296107804,Abdulaziz Yasser Walid,2007-08-29,42 El Asmaa Fahmy Street,M,01367539987,Allianz Egypt
2195503048361669,Yonis Awad Ahmed,1955-03-04,25 El Fawatem Street,M,01341542614,Misr Insurance Company (MIC)
32007253828413,Abudulhady Farouk Omar,2020-07-25,6 El Labban Gardens Street,M,01389561583,Suez Canal Insurance Company (SCIC)
2199402056451585,Reem Ali Mamdouh,1994-02-05,27 El Wahat Road,F,01371584786,Allianz Egypt
30101153923336,Perry Amir Sherif,2001-01-15,51 El Ahram Street,F,01374988863,Delta Insurance Company
30409134601367,Beshoy Yehia Kariem,2004-09-13,9 Gameat El Dewal El Arabia Street,M,01371924697,Arab Misr Insurance Group (AMIG)
31101139137831,Mona Salem Ramadan,2011-01-13,100 El Chalalat Street,F,01379417072,MetLife Egypt
30302252015070,Hafsa Ezzat Ismael,2003-02-25,1 El Nabi Daniel Road,F,01384715536,Delta Insurance Company
32102163016036,Ammar Abdulmoniem Awad,2021-02-16,102 El Kolya Street,M,01381135434,Arope Insurance Egypt
30801276439778,Sobhy Hany Mohamed,2008-01-27,61 Mohamed Ibrahim Street,M,01336006559,Egyptian Saudi Insurance House (ESIH)
32005289796904,Somaya Sameh Ahmed,2020-05-28,40 El Nahda Street,F,01345084044,AXA Egypt
2193304037824023,Salem Hisham Ramy,1933-04-03,3 El Guish Road,M,01328866097,Allianz Egypt
2198809014677824,Khedr Abdulaziz Walid,1988-09-01,62 Zahraa El Maadi Street,M,01354808396,Wethaq Takaful Insurance
2199011014799673,Loai Loai Rafat,1990-11-01,71 Abd El Hamid Said Street,M,01380981476,Allianz Egypt
31905068756257,Ismael Kariem Mahmoud,2019-05-06,91 El Ibrahimia Gardens Street,M,01385829264,MetLife Egypt
31601274234358,Rafat Zeyad Ali,2016-01-27,28 Giza Street,M,01388415003,Misr Insurance Company (MIC)
2197408172190331,Seif Boles Aser,1974-08-17,5 El Hegaz Street,M,01311727218,Misr Insurance Company (MIC)
2196701276478451,Mariem Kariem Ashraf,1967-01-27,5 El Horreya Gardens Avenue,F,01325566324,Wethaq Takaful Insurance
2198402108696303,Youssef Omar Osman,1984-02-10,97 El Nasr Street,M,01318511749,Misr Insurance Company (MIC)
32104294319900,Noureen Seif Zakaria,2021-04-29,6 El Khayal Street,F,01313978763,Wethaq Takaful Insurance
30709155488158,Ammar Ammar Fathy,2007-09-15,28 El Nasr Road,M,01362769422,Egyptian Saudi Insurance House (ESIH)
2197201226610459,Hala Seif Ramy,1972-01-22,74 Abdel Moneim Riad Square,F,01351876653,AXA Egypt
31904076997715,Menna Usama Mamdouh,2019-04-07,79 Al Nil Street,F,01370783311,Suez Canal Insurance Company (SCIC)
2193802021986980,Salma Osman Taha,1938-02-02,95 El Gamaa Street,F,01314383327,MetLife Egypt
30904043418906,Salem Sobhy Seif,2009-04-04,29 El Maamora Road,M,01337644421,Delta Insurance Company
31007016309102,Hisham Soliman Amir,2010-07-01,95 El Wafaa Wal Amal Street,M,01319016720,MetLife Egypt
30008021096497,Hashem Eyad Motaz,2000-08-02,116 Saad Zaghloul Street,M,01355449706,Allianz Egypt
2193103093920945,Hafsa Farouk Rafat,1931-03-09,36 El Ibrahimeya Gardens Avenue,F,01354810193,Egyptian Saudi Insurance House (ESIH)
31303168585007,Mariem Hany Zeyad,2013-03-16,21 Pyramids Road,F,01313042045,Arab Misr Insurance Group (AMIG)
31802206378827,Yassin Ramadan Nabil,2018-02-20,30 Corniche El Nil Street,M,01342870882,Delta Insurance Company
2199201046278777,Noureen Sameh Hisham,1992-01-04,106 El Ibrahimia Gardens Avenue,F,01313437161,Egyptian Saudi Insurance House (ESIH)
2196002229521457,Nabil Khedr Kamel,1960-02-22,31 El Maamora Gardens Street,M,01337497112,Egyptian Saudi Insurance House (ESIH)
32203211875038,Shahd Ibrahim Ibrahim,2022-03-21,38 El Raml Station Gardens Street,F,01320086144,AXA Egypt
30502231611835,Boles Ezzat Ahmed,2005-02-23,26 Zahraa El Maadi Street,M,01343289576,Arab Misr Insurance Group (AMIG)
2194905065236338,Ezzat Aser Youssef,1949-05-06,27 El Sudan Street,M,01363010302,Wethaq Takaful Insurance
32204064658038,Shereen Tamer Ezzat,2022-04-06,37 El Labban Street,F,01371413115,MetLife Egypt
30105277118659,Heba Haitham Zeyad,2001-05-27,33 El Wahat Road,F,01352810773,Arab Misr Insurance Group (AMIG)
2193309061895006,Yonis Abdulaziz Lofty,1933-09-06,35 El Thawra Street,M,01368283720,Misr Insurance Company (MIC)
2197002183580264,Shereen Nabil Soliman,1970-02-18,118 El Shatby Square,F,01388221937,Egyptian Saudi Insurance House (ESIH)
2198511213000534,Zeyad Eyad Omar,1985-11-21,79 El Alamein Gardens Road,M,01319386491,Arab Misr Insurance Group (AMIG)
30505023611455,Aya Mohamed Atyah,2005-05-02,39 El Wafaa Wal Amal Street,F,01343712300,Delta Insurance Company
2193802159644752,Shahd Zeyad Kamel,1938-02-15,88 El Haram Street,F,01393193519,AXA Egypt
2195602136866979,Hana Moamen Hany,1956-02-13,80 El Guish Road,F,01316785589,Arope Insurance Egypt
2199808208416525,Nabil Hisham Ahmed,1998-08-20,21 El Gomhoreya Street,M,01377822329,Egyptian Saudi Insurance House (ESIH)
2199510062133793,Abdulmoniem Kamel Khalid,1995-10-06,81 El Sudan Street,M,01311272721,Wethaq Takaful Insurance
31005161278715,Mariem Fares Yehia,2010-05-16,87 Abd El Khalek Tharwat Street,F,01332485057,Misr Insurance Company (MIC)
31706139200212,Mariem Sameh Nabil,2017-06-13,13 El Alamein Square,F,01319276415,Delta Insurance Company
2198803259281047,Nada Khalid Ibrahim,1988-03-25,48 El Nasr Street,F,01359837057,Arope Insurance Egypt
30411247632393,Fatma Zakaria Lofty,2004-11-24,75 El Sudan Street,F,01343499678,Egyptian Saudi Insurance House (ESIH)
2197704024288013,Hafsa Usama Yassin,1977-04-02,73 El Khalifa Street,F,01396751929,MetLife Egypt
30511211343014,Sara Ahmed Salem,2005-11-21,115 Almaza Street,F,01369294640,Arab Misr Insurance Group (AMIG)
2197311142596139,Lofty Farouk Loai,1973-11-14,13 Al Haram Street,M,01331148232,Arope Insurance Egypt
2195809133932170,Beshoy Ashraf Mohamed,1958-09-13,79 El Shalalat Gardens Street,M,01366100226,Arope Insurance Egypt
2199501304552500,Heba Fares Ezzat,1995-01-30,12 Abd El Khalek Tharwat Street,F,01362029180,Suez Canal Insurance Company (SCIC)
2195211163774110,Khalid Salem Moamen,1952-11-16,91 El Nahda Street,M,01372128806,Egyptian Saudi Insurance House (ESIH)
32103243767668,Hafsa Emad Kamel,2021-03-24,61 Abbas El Akkad Street,F,01343532903,Suez Canal Insurance Company (SCIC)
31410118110437,Farouk Ezzat Hashem,2014-10-11,38 Saray El Azbakeya Street,M,01367897832,Allianz Egypt
31910163199702,Yassin Ahmed Salem,2019-10-16,14 Qasr El Aini Street,M,01381701292,MetLife Egypt
32106013284413,Mariem Abdulaziz Yasser,2021-06-01,86 Corniche Road,F,01335440373,Allianz Egypt
2196404055779656,Rafat Hany Seif,1964-04-05,100 El Geish Road,M,01397013175,Allianz Egypt
31904251276561,Salma Rafat Yehia,2019-04-25,5 El Amir Kamal Street,F,01340880858,Arab Misr Insurance Group (AMIG)
30409192296345,Loai Kariem Eyad,2004-09-19,10 Adly Street,M,01346589746,Wethaq Takaful Insurance
31404168060081,Eman Khedr Atyah,2014-04-16,61 Naguib Mahfouz Street,F,01331586858,Arab Misr Insurance Group (AMIG)
32004138286104,Nada Ramez Eyad,2020-04-13,1 El Batal Ahmed Abdel Aziz Street,F,01397354630,Delta Insurance Company
2195802225523833,Hafsa Soliman Ismael,1958-02-22,5 El Horreya Avenue,F,01329067264,Misr Insurance Company (MIC)
2197603114147779,iNour Sobhy Ali,1976-03-11,65 Corniche Road,F,01366964683,Allianz Egypt
31901218957093,Sherif Omar Rafat,2019-01-21,58 El Maamora Avenue,M,01389718084,Suez Canal Insurance Company (SCIC)
2194409083383202,Yassin Yasser Abdulmoniem,1944-09-08,110 El Qanater Road,M,01378799913,Wethaq Takaful Insurance
32208248132897,HossnahMae Youssef Salem,2022-08-24,68 El Labban Road,F,01364741531,Delta Insurance Company
2196408143633770,Sobhy Amir Yassin,1964-08-14,111 El Alamein Road,M,01378480171,Suez Canal Insurance Company (SCIC)
2199306032204986,Mamdouh Haitham Eyad,1993-06-03,43 El Shalalat Gardens Road,M,01322747497,Allianz Egypt
2193603233785448,Shereen Rafat Ashraf,1936-03-23,37 El Galaa Street,F,01367204935,Misr Insurance Company (MIC)
2197611289695142,Hafsa Yonis Fathy,1976-11-28,107 Galaa Street,F,01384457099,Arope Insurance Egypt
30211049800898,Malak Taha Sameh,2002-11-04,107 Sakara Road,F,01339699224,Allianz Egypt
31708088445594,Youssef Emad Fathy,2017-08-08,75 Faisal Street,M,01312515147,Misr Insurance Company (MIC)
31110081456851,Awad Nabil Ramadan,2011-10-08,46 El Gomhoreya Street,M,01342665592,Arab Misr Insurance Group (AMIG)
2193808073596444,Fathy Osman Ahmed,1938-08-07,22 El Wahat Road,M,01375451661,AXA Egypt
2194503112516229,Moreen Ibrahim Kamel,1945-03-11,37 Ahmed Zaki Street,F,01360992860,Wethaq Takaful Insurance
30705054136762,Rafat Eyad Eyad,2007-05-05,52 El Ibrahimia Gardens Avenue,M,01352757134,AXA Egypt
2197310163167214,Hisham Motaz Fathy,1973-10-16,18 El Nahda Street,M,01385615386,Egyptian Saudi Insurance House (ESIH)
30401106239159,Amir Ramy Mohamed,2004-01-10,41 El Sudan Square,M,01310524547,Suez Canal Insurance Company (SCIC)
2199410091659607,Motaz Sameh Fathy,1994-10-09,37 El Raml Station Square,M,01382873400,Misr Insurance Company (MIC)
31403032944688,Abdulaziz Mamdouh Zakaria,2014-03-03,99 El Mesaha Square,M,01310389093,Arope Insurance Egypt
2195507165020927,Farouk Yassin Ahmed,1955-07-16,44 Galaa Street,M,01328608663,AXA Egypt
30407177506365,Moamen Youssef Yonis,2004-07-17,77 El Rasheed Street,M,01372809821,Misr Insurance Company (MIC)
32203145539626,HossnahMae Amir Sherif,2022-03-14,90 El Kolya Street,F,01377471328,Arope Insurance Egypt
31608242791153,Noureen Zeyad Yonis,2016-08-24,44 El Mawarid Street,F,01361620484,Wethaq Takaful Insurance
2193210099112069,Ezzat Nabil Yassin,1932-10-09,34 Nabi Daniel Street,M,01371554615,Suez Canal Insurance Company (SCIC)
2198408204893795,Mahmoud Sobhy Aser,1984-08-20,85 El Maamora Gardens Avenue,M,01360581529,Allianz Egypt
2193703307354519,Zakaria Ammar Hashem,1937-03-30,33 El Gish Road,M,01360146500,Misr Insurance Company (MIC)
2196407172025023,Noureen Hany Fares,1964-07-17,47 Pyramids Road,F,01317964595,Delta Insurance Company
32104062620306,Mariem Haitham Kamel,2021-04-06,16 El Mandara Gardens Avenue,F,01372941238,Misr Insurance Company (MIC)
2195611153296579,Moamen Ali Ibrahim,1956-11-15,39 El Alamein Avenue,M,01332067389,Arab Misr Insurance Group (AMIG)
31902156565715,Abdulmoniem Taha Mahmoud,2019-02-15,37 El Chalalat Road,M,01350212054,Delta Insurance Company
2194705218343403,Ali Walid Abudulhady,1947-05-21,45 Nahda Street,M,01343425992,Suez Canal Insurance Company (SCIC)
30804276475191,Heba Sameh Emad,2008-04-27,90 El Ibrahimia Road,F,01340318291,Misr Insurance Company (MIC)
30505256393146,Moreen Zeyad Ismael,2005-05-25,100 El Khaleeg Road,F,01356700526,Wethaq Takaful Insurance
32006071071410,Taha Yonis Atyah,2020-06-07,96 El Amir Kamal Street,M,01370335065,Egyptian Saudi Insurance House (ESIH)
31904088198728,Jomana Ashraf Mamdouh,2019-04-08,87 Sakr Koreish Street,F,01346445774,Allianz Egypt
31303119857783,Fatma Zeyad Ismael,2013-03-11,109 Sherif Street,F,01344957625,Delta Insurance Company
2196005219309216,Hanaa Youssef Moamen,1960-05-21,107 El Khalifa Street,F,01311524385,Misr Insurance Company (MIC)
2198402017329594,Menna Haitham Rafat,1984-02-01,111 El Horreya Gardens Road,F,01356719383,Suez Canal Insurance Company (SCIC)
2193907026201312,Eyad Taha Hashem,1939-07-02,92 Al Ahram Street,M,01391450519,AXA Egypt
31503224392808,Motaz Motaz Omar,2015-03-22,50 El Asmaa Fahmy Street,M,01310699692,Allianz Egypt
2199110135036762,Hisham Kamel Lofty,1991-10-13,11 El Othman Street,M,01356010418,Allianz Egypt
32009298954848,Hend Ramy Omar,2020-09-29,32 El Gueish Square,F,01360971668,Egyptian Saudi Insurance House (ESIH)
2199503015205166,Yonis Tamer Walid,1995-03-01,73 El Ahram Street,M,01312814143,MetLife Egypt
2194005248861955,Kamel Ramy Abdulmoniem,1940-05-24,29 Ahmed Zaki Street,M,01370793242,Egyptian Saudi Insurance House (ESIH)
31308191840505,Salma Mohamed Salem,2013-08-19,41 Mohammed Mahmoud Street,F,01311224828,Arab Misr Insurance Group (AMIG)
31408176196544,Fatma Omar Youssef,2014-08-17,97 El Maamora Gardens Avenue,F,01317261917,Allianz Egypt
2193608257372703,Hafsa Salem Hisham,1936-08-25,100 Mohammed Metwally El Shaarawy Street,F,01353375210,Arope Insurance Egypt
2194105139907590,Omar Abudulhady Yassin,1941-05-13,2 El Tonsi Street,M,01335090176,Misr Insurance Company (MIC)
2197604055887015,Hany Aser Zeyad,1976-04-05,85 El Obour City Street,M,01377536213,Wethaq Takaful Insurance
30309211125758,Boles Ramez Fares,2003-09-21,115 El Asmaa Fahmy Street,M,01313277056,Wethaq Takaful Insurance
2195102113879329,Shahd Mahmoud Hany,1951-02-11,5 Faisal Street,F,01315700544,MetLife Egypt
30204241377685,Loai Haitham Rafat,2002-04-24,110 El Soryan Street,M,01320229126,Arope Insurance Egypt
32004299208446,Rafat Sobhy Beshoy,2020-04-29,75 El Amir Kamal Street,M,01363526246,Wethaq Takaful Insurance
2198508087432354,Aya Sherif Yonis,1985-08-08,35 El Khayal Street,F,01359296005,Delta Insurance Company
30910103694916,Esraa Ahmed Osman,2009-10-10,65 Masr Helwan Agriculture Road,F,01370073927,Delta Insurance Company
2195801209720025,Yasser Ahmed Ezzat,1958-01-20,58 El Qanater Road,M,01330275461,Allianz Egypt
2195806073891280,Rawia Rafat Nabil,1958-06-07,76 Ziad Street,F,01395150256,Egyptian Saudi Insurance House (ESIH)
2195801292658980,Taha Awad Taha,1958-01-29,24 El Nasr Road,M,01386008072,Arab Misr Insurance Group (AMIG)
2193503304494756,Zeyad Kariem Soliman,1935-03-30,56 Salah Salem Street,M,01388809561,Wethaq Takaful Insurance
31805281669125,Rafat Eyad Ramy,2018-05-28,42 El Horreya Road,M,01380900629,Misr Insurance Company (MIC)
32107185072864,Ramez Abdulmoniem Hashem,2021-07-18,93 El Mesaha Square,M,01334522266,MetLife Egypt
31103131944127,Perry Aser Ramez,2011-03-13,53 El Nahda Street,F,01334255175,Allianz Egypt
30006112211196,Malak Omar Abdulmoniem,2000-06-11,69 Abou Bakr El Seddik Street,F,01321815667,Wethaq Takaful Insurance
31407014308276,Menna Haitham Yonis,2014-07-01,61 Nile Corniche,F,01397950874,Egyptian Saudi Insurance House (ESIH)
2196709022722628,Aser Ramy Mahmoud,1967-09-02,112 El Kolya Street,M,01399925011,AXA Egypt
2196807092586882,Perry Kamel Rafat,1968-07-09,75 Naguib Mahfouz Street,F,01367311278,Egyptian Saudi Insurance House (ESIH)
2196201083877436,Atyah Taha Emad,1962-01-08,69 26th of July Corridor,M,01374925851,Wethaq Takaful Insurance
2194808078012600,Hisham Soliman Yasser,1948-08-07,49 El Haram Street,M,01387664228,AXA Egypt
2195210291912758,Salma Ashraf Salem,1952-10-29,22 El Sudan Square,F,01333006880,Suez Canal Insurance Company (SCIC)
31510128994641,Yonis Beshoy Khedr,2015-10-12,111 El Maamora Road,M,01343213404,Arope Insurance Egypt
2194003285260736,Motaz Ramez Yehia,1940-03-28,102 El Dokki Street,M,01324573767,Allianz Egypt
2197404062384671,Jana Hisham Yassin,1974-04-06,96 Helwan Street,F,01331508253,Allianz Egypt
30404122531402,Abudulhady Youssef Fares,2004-04-12,39 El Marghany Street,M,01358431682,Egyptian Saudi Insurance House (ESIH)
32005094420909,Abdulmoniem Osman Taha,2020-05-09,26 El Giza Street,M,01367842926,Suez Canal Insurance Company (SCIC)
30807191137753,Shereen Aser Yassin,2008-07-19,103 Khalil El Khouly Street,F,01321243541,Egyptian Saudi Insurance House (ESIH)
2197006236363157,Mohamed Atyah Abdulmoniem,1970-06-23,45 El Labban Gardens Avenue,M,01314500771,Arab Misr Insurance Group (AMIG)
30602267508342,Fatma Ramy Ramy,2006-02-26,59 Abou El Feda Street,F,01356235267,Arope Insurance Egypt
32201075852282,Omar Osman Yassin,2022-01-07,71 El Mawarid Road,M,01345618863,MetLife Egypt
2193505221447401,Ramez Hisham Kamel,1935-05-22,14 El Haram Street,M,01328383420,Allianz Egypt
2196901048478918,Soliman Sherif Yassin,1969-01-04,5 Faisal Street,M,01321199090,Delta Insurance Company
32103218731765,Ibrahim Salem Kariem,2021-03-21,76 Zizinia El Mostakbal Street,M,01383720335,AXA Egypt
31703041464082,Hany Amir Soliman,2017-03-04,9 El Tahrir Street,M,01346330527,Arab Misr Insurance Group (AMIG)
31008302013768,Beshoy Abdulrahman Eyad,2010-08-30,12 El Nabi Daniel Square,M,01319015888,Egyptian Saudi Insurance House (ESIH)
2196511041002135,Sara Lofty Salem,1965-11-04,10 Zahraa El Maadi Street,F,01322960016,Suez Canal Insurance Company (SCIC)
2199504297388625,Hanaa Tamer Ali,1995-04-29,89 El Ibrahimia Gardens Street,F,01385002967,Delta Insurance Company
2196206118107933,Atyah Khalid Hisham,1962-06-11,112 Tahrir Square,M,01359486942,Arope Insurance Egypt
2193606246114441,Perry Loai Zakaria,1936-06-24,113 El Labban Gardens Road,F,01333669151,Suez Canal Insurance Company (SCIC)
31902089134987,Ammar Rafat Nabil,2019-02-08,51 Abdel Moneim Riad Square,M,01324846560,Wethaq Takaful Insurance
2196410252704290,Emad Emad Fares,1964-10-25,41 El Nasr Street,M,01398658260,Wethaq Takaful Insurance
30611095748606,Verina Omar Walid,2006-11-09,118 Sudan Street,F,01395792098,Wethaq Takaful Insurance
2196405258902098,Khedr Boles Eyad,1964-05-25,100 Adly Street,M,01385139828,Arope Insurance Egypt
2195304228449437,Zeyad Kamel Usama,1953-04-22,108 El Giza Street,M,01375396817,Misr Insurance Company (MIC)
2194106215432171,Mariem Omar Khedr,1941-06-21,90 El Batrawy Street,F,01366811318,Arope Insurance Egypt
30803216166636,Nada Sherif Amir,2008-03-21,81 Qasr El Aini Street,F,01335739657,Arope Insurance Egypt
2193907112401933,Perry Yehia Salem,1939-07-11,69 El Orman Road,F,01358678754,Arab Misr Insurance Group (AMIG)
32104242786193,Emad Ibrahim Motaz,2021-04-24,73 El Gueish Avenue,M,01374328416,Egyptian Saudi Insurance House (ESIH)
2196808225503956,Fatma Khedr Walid,1968-08-22,80 Masr Helwan Agriculture Road,F,01360339108,Allianz Egypt
30306291254098,Verina Boles Lofty,2003-06-29,74 El Ibrahimia Gardens Street,F,01351950490,Arab Misr Insurance Group (AMIG)
31601143266797,Somaya Osman Emad,2016-01-14,84 Zaki Street,F,01385033366,Arab Misr Insurance Group (AMIG)
31811218670889,Awad Moamen Zakaria,2018-11-21,73 Shehab Street,M,01333042071,AXA Egypt
2195411115732732,Hala Ramy Walid,1954-11-11,32 El Horreya Gardens Road,F,01323768587,Arab Misr Insurance Group (AMIG)
2199810183747124,Hanaa Soliman Ammar,1998-10-18,16 El Labban Street,F,01317491570,MetLife Egypt
2199611054431130,Khedr Salem Ezzat,1996-11-05,20 Makram Ebeid Street,M,01327407009,Arope Insurance Egypt
2193203111724987,Walid Ibrahim Khedr,1932-03-11,93 El Orman Road,M,01312853551,Arab Misr Insurance Group (AMIG)
30703308866930,Hala Taha Yehia,2007-03-30,6 El Labban Gardens Street,F,01338795068,Allianz Egypt
2196205062894374,Loai Ezzat Loai,1962-05-06,70 El Ahram Street,M,01330208255,MetLife Egypt
2198107088112804,Mamdouh Salem Loai,1981-07-08,42 Safar Al Hawali Street,M,01336982502,Arope Insurance Egypt
30009068794454,Aya Haitham Ahmed,2000-09-06,89 Salah Salem Street,F,01321078420,Arab Misr Insurance Group (AMIG)
2198403256174470,Ghadeer Rafat Eyad,1984-03-25,47 Masr Helwan Agriculture Road,F,01321729234,Delta Insurance Company
2196602066535029,Omar Mohamed Mahmoud,1966-02-06,79 El Wahat Road,M,01331833726,Arope Insurance Egypt
31807021538296,Amir Ismael Mohamed,2018-07-02,13 El Soliman Abaza Street,M,01348148626,Allianz Egypt
30703268291100,Somaya Sobhy Mohamed,2007-03-26,25 El Obour City Street,F,01340072116,Allianz Egypt
2193202069304566,Nada Sobhy Ashraf,1932-02-06,18 Nasr City Street,F,01384715141,Arab Misr Insurance Group (AMIG)
31403066116728,Khedr Loai Fares,2014-03-06,14 Palestine Street,M,01327966045,Egyptian Saudi Insurance House (ESIH)
2199702238676645,Eman Khalid Farouk,1997-02-23,113 Zaker Hussain Street,F,01377384261,Misr Insurance Company (MIC)
2193304246528601,Menna Ismael Usama,1933-04-24,24 Sudan Street,F,01365010450,Wethaq Takaful Insurance
32210236698548,Amir Yehia Kariem,2022-10-23,101 El Sudan Square,M,01381471178,Wethaq Takaful Insurance
2196309271083991,Eyad Abdulmoniem Amir,1963-09-27,7 El Labban Gardens Avenue,M,01377055699,Delta Insurance Company
2198610102056745,Ammar Rafat Abdulaziz,1986-10-10,92 Gameat El Dewal El Arabia Street,M,01335054339,Arope Insurance Egypt
2197909111624252,Osman Ramadan Ramadan,1979-09-11,3 El Wahat Road,M,01343426491,Allianz Egypt
30004262653391,Tamer Khalid Abdulrahman,2000-04-26,10 Zahraa El Maadi Street,M,01325115248,Egyptian Saudi Insurance House (ESIH)
2193608254896483,Menna Hany Hashem,1936-08-25,119 El Labban Gardens Road,F,01371732423,Delta Insurance Company
31110146225536,Heba Yasser Ali,2011-10-14,119 Nile Corniche,F,01348015643,Misr Insurance Company (MIC)
30004101408121,Rawia Omar Abdulaziz,2000-04-10,115 El Khayal Street,F,01357040046,AXA Egypt
31507244277985,Hanaa Salem Yassin,2015-07-24,30 El Marwa Street,F,01359651330,Allianz Egypt
31608098487461,Ghadeer Usama Seif,2016-08-09,26 Zayed Street,F,01311008825,MetLife Egypt
31404293225989,Mahmoud Khalid Mahmoud,2014-04-29,112 El Batal Ahmed Abdel Aziz Street,M,01393681395,Delta Insurance Company
2194909236529219,Somaya Yonis Khedr,1949-09-23,88 Sphinx Street,F,01356838646,Arab Misr Insurance Group (AMIG)
2195308206522768,HossnahMae Sherif Hashem,1953-08-20,35 El Sayed El Bakry Street,F,01350029413,Wethaq Takaful Insurance
31003248081545,Somaya Youssef Abdulaziz,2010-03-24,76 El Horreya Street,F,01382858945,AXA Egypt
2195804106402351,Fares Zeyad Salem,1958-04-10,16 El Raml Station Avenue,M,01317352962,Allianz Egypt
2199306051858841,Khalid Aser Hisham,1993-06-05,77 Abou El Feda Street,M,01352566000,Suez Canal Insurance Company (SCIC)
2196806243442381,Somaya Omar Yasser,1968-06-24,87 Naguib Mahfouz Street,F,01366113368,Allianz Egypt
30208155038713,Seif Ashraf Ahmed,2002-08-15,25 Sherif Street,M,01384261332,Egyptian Saudi Insurance House (ESIH)
32003073073969,Yasser Yassin Zakaria,2020-03-07,70 El Nasr Street,M,01385376298,Delta Insurance Company
2196404252481786,Hafsa Abdulaziz Ezzat,1964-04-25,46 Nahda Street,F,01382578975,Arope Insurance Egypt
2197410118126555,Aya Ramadan Walid,1974-10-11,25 El Khaleeg Road,F,01332377102,MetLife Egypt
31701248263829,Ibrahim Kariem Eyad,2017-01-24,28 Giza Street,M,01316819175,Wethaq Takaful Insurance
2197704029718307,Mona Mahmoud Haitham,1977-04-02,57 El Nabi Daniel Square,F,01346823827,Arab Misr Insurance Group (AMIG)
2194702046680230,Mohamed Soliman Fares,1947-02-04,103 El Khayal Street,M,01326787160,AXA Egypt
31905182975371,Sobhy Eyad Taha,2019-05-18,22 Abou Kir Street,M,01364057052,Delta Insurance Company
30703155879531,Hanaa Yasser Motaz,2007-03-15,60 Ahmed Kamel Street,F,01334582292,AXA Egypt
2199003247528975,Menna Kamel Eyad,1990-03-24,81 El Kornish Road,F,01328669549,AXA Egypt
31209084192354,Mariem Mohamed Emad,2012-09-08,74 Naguib El Rihani Street,F,01344300680,MetLife Egypt
30706156440817,Mariem Osman Atyah,2007-06-15,60 Wadi El Nile Street,F,01348214095,Allianz Egypt
2199508155729051,Sameh Boles Loai,1995-08-15,31 Qasr El Aini Street,M,01312193190,MetLife Egypt
2197201288704563,Sherif Haitham Hisham,1972-01-28,96 El Soryan Street,M,01373715621,Allianz Egypt
31008274457977,Hala Zakaria Salem,2010-08-27,66 El Nasr Street,F,01382939412,AXA Egypt
2193601061210797,Hanaa Yassin Sobhy,1936-01-06,74 Corniche Road,F,01357638129,Delta Insurance Company
2197903092580803,Yassin Amir Abdulmoniem,1979-03-09,119 Giza Street,M,01353521192,Egyptian Saudi Insurance House (ESIH)
31504147811456,Moreen Abdulmoniem Mohamed,2015-04-14,26 El Haram Street,F,01364906010,Suez Canal Insurance Company (SCIC)
2193009253402804,Atyah Yehia Hany,1930-09-25,110 El Shatby Square,M,01349681589,MetLife Egypt
30004072475804,Heba Usama Yasser,2000-04-07,23 Helwan Street,F,01352582152,Delta Insurance Company
2194004189858183,Abdulmoniem Abdulmoniem Usama,1940-04-18,84 El Remaya Square,M,01322498517,Arab Misr Insurance Group (AMIG)
2194404093519579,Perry Atyah Nabil,1944-04-09,117 El Marghany Street,F,01397961378,Wethaq Takaful Insurance
30401163491203,Khalid Ibrahim Yonis,2004-01-16,90 Saray El Azbakeya Street,M,01318484576,Delta Insurance Company
31201228345721,Hend Zakaria Yasser,2012-01-22,105 Zaker Hussain Street,F,01332259385,Arab Misr Insurance Group (AMIG)
30006155575680,Abdulaziz Khedr Awad,2000-06-15,83 Nile Corniche,M,01334387740,Arope Insurance Egypt
2196406189749244,Aser Loai Sameh,1964-06-18,52 El Guish Avenue,M,01355779454,MetLife Egypt
2194610183675118,Amir Sherif Kariem,1946-10-18,58 El Mansheya Street,M,01321301809,Egyptian Saudi Insurance House (ESIH)
2195303044297771,Eman Abdulaziz Ashraf,1953-03-04,70 El Khaleeg Street,F,01388748649,Misr Insurance Company (MIC)
31904299904904,Haitham Hisham Ashraf,2019-04-29,84 Naguib Mahfouz Street,M,01330635561,Arab Misr Insurance Group (AMIG)
31805026974708,Heba Khedr Salem,2018-05-02,93 El Mawarid Road,F,01344047988,Arope Insurance Egypt
2198008121146217,Ramez Usama Ibrahim,1980-08-12,115 El Sayed El Bakry Road,M,01377370086,Egyptian Saudi Insurance House (ESIH)
30207061051664,Hana Abdulmoniem Moamen,2002-07-06,117 Mohamed Ibrahim Street,F,01396354771,MetLife Egypt
31905031046367,Hala Zakaria Yasser,2019-05-03,32 El Nahda Street,F,01390479529,Misr Insurance Company (MIC)
31610081387799,iNour Haitham Usama,2016-10-08,83 El Raml Station Gardens Road,F,01366910180,Arope Insurance Egypt
2194806169791102,Sameh Awad Ahmed,1948-06-16,116 El Mansheya Street,M,01310745129,Allianz Egypt
2194210283242051,Abdulmoniem Salem Yehia,1942-10-28,30 El Marghany Street,M,01311348705,Egyptian Saudi Insurance House (ESIH)
2196305191260689,iNour Hashem Fathy,1963-05-19,36 El Kolya Street,F,01353198518,Arab Misr Insurance Group (AMIG)
30507162699019,Hashem Beshoy Ibrahim,2005-07-16,82 El Sudan Square,M,01349945354,Misr Insurance Company (MIC)
2194105076683487,Hanaa Walid Khedr,1941-05-07,23 El Nasr Street,F,01330490309,Arab Misr Insurance Group (AMIG)
30806114130634,Rawia Khedr Hashem,2008-06-11,119 Abou Bakr El Seddik Street,F,01376914008,Wethaq Takaful Insurance
32006132257964,Mona Sobhy Taha,2020-06-13,81 El Haram Street,F,01353197206,Allianz Egypt
2196005122162185,Fatma Zeyad Khedr,1960-05-12,48 El Adel Street,F,01368255140,AXA Egypt
2195509018148841,Ismael Ismael Sobhy,1955-09-01,89 El Dokki Street,M,01325922810,AXA Egypt
2193510286817705,Seif Kariem Salem,1935-10-28,59 El Nasr Street,M,01328181323,Arab Misr Insurance Group (AMIG)
2196309053711830,Heba Sobhy Taha,1963-09-05,52 El Ibrahimeya Street,F,01340915963,Misr Insurance Company (MIC)
30711071351304,Mahmoud Omar Ahmed,2007-11-07,6 El Mansheya Gardens Avenue,M,01349907801,Arope Insurance Egypt
2195402097002680,Hany Motaz Ramadan,1954-02-09,109 El Ibrahimia Gardens Road,M,01374472709,Arope Insurance Egypt
31001081641460,Abdulrahman Hashem Walid,2010-01-08,101 El Ibrahimeya Road,M,01353986225,AXA Egypt
2194406101404260,Kariem Ismael Abdulmoniem,1944-06-10,59 Ziad Street,M,01361204318,Wethaq Takaful Insurance
31607245279119,Heba Eyad Rafat,2016-07-24,37 El Maamora Square,F,01313623571,AXA Egypt
32102059387859,Yonis Ali Yassin,2021-02-05,15 Zahraa El Maadi Street,M,01346082639,Allianz Egypt
2196809038617640,Sherif Salem Hany,1968-09-03,79 Zakaria El Ansari Street,M,01330525148,Misr Insurance Company (MIC)
31411119781015,Mona Mohamed Fathy,2014-11-11,95 Corniche El Nil Street,F,01363006998,Arope Insurance Egypt
2196308233776677,Nada Usama Loai,1963-08-23,105 El Gueish Avenue,F,01361357390,Allianz Egypt
2198804198736910,Abdulaziz Motaz Usama,1988-04-19,56 Al Haram Street,M,01383030317,AXA Egypt
2199606244656278,Lofty Sherif Kariem,1996-06-24,115 Mohamed Ibrahim Street,M,01345366323,Arope Insurance Egypt
30204271376992,Atyah Walid Beshoy,2002-04-27,44 El Gamaa Street,M,01329579538,Allianz Egypt
30001073052003,Yehia Yasser Lofty,2000-01-07,85 Masr Helwan Agriculture Road,M,01384334292,AXA Egypt
2195011293367860,Omar Loai Sameh,1950-11-29,11 El Haram Street,M,01399324134,MetLife Egypt
30610214433183,Yassin Ashraf Ibrahim,2006-10-21,94 Zaki Ragab Street,M,01377110543,Suez Canal Insurance Company (SCIC)
32208197279929,Walid Mahmoud Kariem,2022-08-19,58 Al Haram Street,M,01358524144,AXA Egypt
2193303115508067,Ezzat Ezzat Atyah,1933-03-11,40 El Gomrok Road,M,01318384165,Delta Insurance Company
30801039706055,Salma Salem Lofty,2008-01-03,93 El Ibrahimeya Street,F,01329271573,Arab Misr Insurance Group (AMIG)
30709242334859,Aser Osman Walid,2007-09-24,43 Al Ahram Street,M,01398565371,Arope Insurance Egypt
2198406047803487,Jomana Zeyad Tamer,1984-06-04,34 El Khatib Street,F,01325966654,Arab Misr Insurance Group (AMIG)
2197105012303629,Mona Kamel Beshoy,1971-05-01,56 El Alamein Gardens Street,F,01350026323,Misr Insurance Company (MIC)
31711231219899,Shahd Haitham Zakaria,2017-11-23,27 El Sudan Street,F,01356899067,Wethaq Takaful Insurance
31102075109319,Rawia Awad Sobhy,2011-02-07,31 El Orman Road,F,01331360020,MetLife Egypt
30805165929164,Lofty Ramadan Aser,2008-05-16,49 Sakr Koreish Street,M,01322701842,Arope Insurance Egypt
2195706082263940,Mariem Lofty Ismael,1957-06-08,63 Corniche El Nil Street,F,01321928142,Arope Insurance Egypt
2194102187564948,Seif Ashraf Ramadan,1941-02-18,5 El Fayoum Road,M,01358338372,MetLife Egypt
32104224548000,Usama Ezzat Zeyad,2021-04-22,92 Ismael Serry Street,M,01320180075,Suez Canal Insurance Company (SCIC)
32211207836976,Lofty Kamel Eyad,2022-11-20,40 El Orouba Street,M,01335333271,Arope Insurance Egypt
2199310184030132,Rawia Ibrahim Haitham,1993-10-18,115 El Agouza Street,F,01390925317,AXA Egypt
31703078172918,Ibrahim Salem Beshoy,2017-03-07,47 El Adel Street,M,01333596406,Suez Canal Insurance Company (SCIC)
31603167546935,Salem Kamel Ramez,2016-03-16,99 El Labban Avenue,M,01311661972,Allianz Egypt
31609081891753,Taha Khalid Boles,2016-09-08,6 Sakara Road,M,01351721482,Delta Insurance Company
31610126213179,Sara Abdulaziz Hisham,2016-10-12,7 El Ibrahimia Road,F,01391229987,Arab Misr Insurance Group (AMIG)
31605301012018,Fares Salem Salem,2016-05-30,25 El Chalalat Street,M,01396037028,AXA Egypt
2194304226570052,Hafsa Ali Salem,1943-04-22,44 Zaki Ragab Street,F,01336575135,Misr Insurance Company (MIC)
30109275206394,Soliman Moamen Kamel,2001-09-27,80 El Orouba Street,M,01334773707,AXA Egypt
31510217208459,Jomana Soliman Ramadan,2015-10-21,74 El Maamora Square,F,01350402688,Delta Insurance Company
31707238383969,Omar Farouk Taha,2017-07-23,104 El Maamora Square,M,01332685609,Allianz Egypt
2194901076240098,Fatma Ashraf Yehia,1949-01-07,109 Zakaria El Ansari Street,F,01335082727,Delta Insurance Company
31006124227948,Emad Ammar Ramadan,2010-06-12,17 El Gomrok Road,M,01394530109,AXA Egypt
32006034409717,iNour Abdulrahman Mamdouh,2020-06-03,100 El Ibrahimeya Road,F,01342790418,Wethaq Takaful Insurance
2198001137435840,Farouk Abdulmoniem Khedr,1980-01-13,60 El Mesaha Square,M,01321777006,Egyptian Saudi Insurance House (ESIH)
2193504016634347,Emad Yassin Zakaria,1935-04-01,52 El Suez Canal Street,M,01363589094,Suez Canal Insurance Company (SCIC)
31908263091755,Mohamed Sobhy Atyah,2019-08-26,16 El Wahat Road,M,01313918901,Misr Insurance Company (MIC)
31210048529322,Nada Eyad Amir,2012-10-04,11 Sakara Road,F,01373892725,Egyptian Saudi Insurance House (ESIH)
30902258517109,HossnahMae Hany Lofty,2009-02-25,23 Corniche El Nil Street,F,01361887854,Wethaq Takaful Insurance
2197801253408503,Menna Salem Mohamed,1978-01-25,70 El Labban Avenue,F,01320128284,Arab Misr Insurance Group (AMIG)
2196002064230352,Haitham Sobhy Ramez,1960-02-06,99 El Ibrahimia Gardens Street,M,01370724922,Misr Insurance Company (MIC)
31208064904948,Abudulhady Sobhy Walid,2012-08-06,106 Hadayek El Maadi Street,M,01365121116,Misr Insurance Company (MIC)
2197211278431917,Tamer Rafat Awad,1972-11-27,2 Al Orouba Street,M,01317357427,Egyptian Saudi Insurance House (ESIH)
2195702142435850,Salma Kariem Zakaria,1957-02-14,83 El Othman Street,F,01335064530,Misr Insurance Company (MIC)
31908222824526,Sherif Haitham Tamer,2019-08-22,35 El Ibrahimia Gardens Road,M,01330747878,Egyptian Saudi Insurance House (ESIH)
2194504156248536,Ramy Ismael Sameh,1945-04-15,34 El Chalalat Street,M,01373641448,Delta Insurance Company
2195903082436960,Beshoy Hashem Zakaria,1959-03-08,56 El Mandara Avenue,M,01345507573,Wethaq Takaful Insurance
30708056291492,Atyah Beshoy Zakaria,2007-08-05,28 Pyramids Road,M,01361769470,Delta Insurance Company
31601045721253,Abdulmoniem Mohamed Moamen,2016-01-04,56 Ziad Street,M,01345157251,AXA Egypt
31302271863553,Ghadeer Moamen Rafat,2013-02-27,48 Saad Zaghloul Street,F,01356402170,Wethaq Takaful Insurance
2198907264769000,Jana Mohamed Farouk,1989-07-26,12 El Suez Canal Street,F,01334723912,AXA Egypt
30111029458923,Taha Hashem Kariem,2001-11-02,113 El Dokki Street,M,01356120252,MetLife Egypt
2195006012220065,Aser Mahmoud Beshoy,1950-06-01,51 El Sudan Square,M,01343851573,Allianz Egypt
2194303204573566,Menna Soliman Hashem,1943-03-20,52 Mohammed Mahmoud Street,F,01352564603,AXA Egypt
30907033366660,Usama Amir Salem,2009-07-03,119 El Batrawy Street,M,01369305188,MetLife Egypt
32205222488947,Lofty Farouk Sobhy,2022-05-22,5 El Fawatem Street,M,01372506232,Suez Canal Insurance Company (SCIC)
2197202114718500,Hala Abudulhady Zakaria,1972-02-11,52 El Fayoum Road,F,01326771450,Wethaq Takaful Insurance
2196703247338004,Salma Soliman Ramez,1967-03-24,97 El Bahr El Aazam Street,F,01364783761,Wethaq Takaful Insurance
30308049457808,Atyah Emad Hany,2003-08-04,3 El Bahr El Aazam Street,M,01387544378,Arab Misr Insurance Group (AMIG)
2194107234663540,Usama Salem Ramy,1941-07-23,36 Sherif Street,M,01345156653,Suez Canal Insurance Company (SCIC)
2197606081267416,Emad Yonis Walid,1976-06-08,103 El Alamein Square,M,01378796971,MetLife Egypt
2194408037525879,Hanaa Ammar Rafat,1944-08-03,87 Mansour Mohamed Street,F,01341995069,AXA Egypt
2196011042003768,Yassin Ahmed Fares,1960-11-04,101 El Ibrahimia Gardens Avenue,M,01361517657,AXA Egypt
2197007286609471,Ibrahim Yonis Zakaria,1970-07-28,73 El Mandara Gardens Avenue,M,01367135619,AXA Egypt
2195810163862626,Ashraf Ramez Emad,1958-10-16,58 El Gish Road,M,01339063049,Arab Misr Insurance Group (AMIG)
31804171562480,Abdulaziz Atyah Atyah,2018-04-17,43 El Hegaz Street,M,01385386021,Allianz Egypt
30801114645724,Menna Salem Ibrahim,2008-01-11,111 Ismael Serry Street,F,01323884102,Arab Misr Insurance Group (AMIG)
2194104276881258,Jomana Sobhy Loai,1941-04-27,80 Nasr City Street,F,01333492425,Arab Misr Insurance Group (AMIG)
2194811146170629,Zeyad Atyah Zakaria,1948-11-14,23 El Mansheya Gardens Avenue,M,01340052888,Misr Insurance Company (MIC)
2198404065327060,Mariem Fares Abdulaziz,1984-04-06,69 El Mansheya Avenue,F,01393532842,Arab Misr Insurance Group (AMIG)
2196802237805781,Hafsa Soliman Sobhy,1968-02-23,12 El Mesaha Square,F,01381000315,Wethaq Takaful Insurance
30803128601814,Taha Moamen Abudulhady,2008-03-12,40 Zaki Street,M,01342066568,AXA Egypt
2199605167020967,Fathy Ibrahim Boles,1996-05-16,91 El Wahat Road,M,01397433243,AXA Egypt
31608282970812,Moreen Omar Mohamed,2016-08-28,114 El Suez Canal Street,F,01333887374,Misr Insurance Company (MIC)
30403112509875,Reem Rafat Ammar,2004-03-11,91 El Mansheya Gardens Street,F,01333519258,Wethaq Takaful Insurance
2194609188677190,Nada Nabil Atyah,1946-09-18,41 El Khayal Street,F,01383291998,MetLife Egypt
32108213035031,Nada Ali Ashraf,2021-08-21,54 Naguib Mahfouz Street,F,01312633229,Arope Insurance Egypt
31011183743107,Mariem Ismael Kariem,2010-11-18,50 Corniche Road,F,01359242375,Egyptian Saudi Insurance House (ESIH)
2195111217352100,Jomana Kamel Ramez,1951-11-21,33 El Suez Canal Street,F,01364151144,AXA Egypt
30003028010762,Mona Kariem Abdulaziz,2000-03-02,88 Galaa Street,F,01389376196,Suez Canal Insurance Company (SCIC)
30702153247532,Ali Aser Ashraf,2007-02-15,58 El Nabi Daniel Road,M,01343666968,MetLife Egypt
2196211288931785,Loai Haitham Emad,1962-11-28,72 El Maamora Road,M,01391450873,MetLife Egypt
2196208076698964,Taha Haitham Osman,1962-08-07,39 Helwan Street,M,01381643467,Allianz Egypt
32110101614866,Heba Soliman Yassin,2021-10-10,95 Ahmed Kamel Street,F,01393033501,Delta Insurance Company
2199801244736360,Hanaa Kariem Yassin,1998-01-24,23 Abou Kir Street,F,01318007677,Misr Insurance Company (MIC)
2199704056820134,Farouk Ramadan Soliman,1997-04-05,64 Wadi El Nile Street,M,01354592220,Wethaq Takaful Insurance
2196405171186677,Fatma Salem Zeyad,1964-05-17,95 El Muezz Street,F,01349262074,AXA Egypt
31806116243479,Somaya Youssef Hisham,2018-06-11,14 Al Nil Street,F,01359871339,Allianz Egypt
32105154415375,Hana Zeyad Ammar,2021-05-15,88 El Agouza Street,F,01344901554,Allianz Egypt
30307159966817,Lofty Amir Fathy,2003-07-15,45 El Gueish Avenue,M,01399393425,Arab Misr Insurance Group (AMIG)
30904293185628,Zakaria Zeyad Ramadan,2009-04-29,9 El Mansheya Gardens Road,M,01384774934,Delta Insurance Company
2194301216787294,Hisham Rafat Ramy,1943-01-21,84 El Soliman Abaza Street,M,01372050985,AXA Egypt
2194606069268163,Noureen Ibrahim Sherif,1946-06-06,22 Pyramids Road,F,01364494676,AXA Egypt
2197804263433123,Ezzat Emad Sherif,1978-04-26,52 Hadayek El Maadi Street,M,01395435219,Suez Canal Insurance Company (SCIC)
