ssn,name
2196504113591313,HossnahMae Mohamed Yehia
2199203166476105,Fatma Nabil Lofty
2198603233622730,Hafsa Hashem Khalid
2195510075265196,Mona Abudulhady Hany
2197702095912768,Loai Emad Ramy
2197909163373664,Emad Beshoy Salem
2193009177072197,Mona Farouk Khedr
2199109118369655,Zakaria Hashem Mohamed
2198101166412360,Eyad Beshoy Haitham
2194702159623435,Atyah Lofty Haitham
2195711139136922,Youssef Yasser Kamel
2194604098740153,Motaz Ramez Usama
2199401108008579,Esraa Kariem Zakaria
2195510022583587,Ashraf Atyah Ramy
2198204231352335,Yonis Fares Mohamed
2194003164684318,Loai Boles Yassin
2193006211118956,Salma Khedr Ahmed
2195808077624264,Boles Taha Sobhy
2196703292322817,Yassin Eyad Eyad
2193204029590946,Hashem Boles Ramy
2199704263764851,Yehia Fathy Awad
2198811257951552,Ezzat Abudulhady Fathy
2194905132135158,Eman Abdulaziz Salem
2197805193966717,Usama Kariem Khalid
2198205236405708,Osman Usama Zakaria
2193511114268897,Yassin Yonis Abdulaziz
2193404066347679,Shereen Zeyad Mamdouh
2197503241690408,Khalid Abudulhady Awad
2197602069022337,Ismael Ramadan Hany
2199405072674630,Hanaa Khalid Abdulmoniem
2197308234888405,Moreen Ramadan Awad
2199009148616166,Aser Ezzat Atyah
2196302209491818,Youssef Youssef Ahmed
2194907133284804,Salma Taha Haitham
2199602183990521,Mariem Emad Ramez
2195211253613161,Soliman Fathy Ibrahim
2199610257462139,Omar Abdulrahman Lofty
2198111133877913,Aser Sameh Ashraf
2197908097155835,Atyah Ezzat Omar
2194108202178619,Noureen Omar Nabil
2195309149983447,Mariem Kamel Moamen
2195609041623509,Heba Zeyad Ismael
2194411293763160,Ashraf Aser Emad
2194208251238135,Sherif Boles Fares
2193105258425857,Jomana Walid Eyad
2198602242863600,Farouk Eyad Abdulmoniem
2199809259262886,Shereen Walid Youssef
2193309056839823,Jomana Lofty Usama
2198204051398848,Haitham Ezzat Beshoy